<?xml version="1.0" encoding="UTF-8"?>
<ns8:ExportConfiguration xmlns="http://digev.com/uri/products/ManagementServer/xsd/1.0" xmlns:ns10="http://soa.com/uri/products/Policy/xsd/1.0" xmlns:ns11="http://soa.com/uri/products/Contracts/xsd/1.0" xmlns:ns12="http://soa.com/uri/products/IdentityAuthorization/xsd/1.0" xmlns:ns13="http://soa.com/uri/products/Organization/xsd/1.0" xmlns:ns14="http://digev.com/uri/products/PolicyManager/xsd/1.0" xmlns:ns15="http://digev.com/uri/products/AlertManager/xsd/1.0" xmlns:ns2="http://digev.com/uri/products/Types/xsd/1.0" xmlns:ns3="http://www.soa.com/uri/products/SLAPolicy/xsd/1.0" xmlns:ns4="urn:uddi-org:api_v3" xmlns:ns5="http://www.w3.org/2000/09/xmldsig#" xmlns:ns6="http://soa.com/uri/products/ServiceProperties/1.0" xmlns:ns7="http://soa.com/uri/products/ServiceEndpointProperties/1.0" xmlns:ns8="http://www.soa.com/uri/products/ServiceManagerMigration/xsd/1.0" xmlns:ns9="urn:uddi-org:sub_v3"><ns8:SourceOrganization><ns2:Key>uddi:ba8bfe98-5e45-11e6-894a-80fead968203</ns2:Key></ns8:SourceOrganization><ns8:ExportObjectConfiguration><ns2:ScriptKey><ns2:Key>script:b0100aa6-64b8-11e6-b66c-a3374e399196</ns2:Key></ns2:ScriptKey><ns8:ExportScript><ns8:ScriptUri>scripts/script_b0100aa6-64b8-11e6-b66c-a3374e399196.xml</ns8:ScriptUri><ns8:Name>Highmark Time</ns8:Name><ns8:Description>Calculate Current Month</ns8:Description><ns8:ScriptKey>script:b0100aa6-64b8-11e6-b66c-a3374e399196</ns8:ScriptKey><ns8:OrganizationKey>uddi:ba8bfe98-5e45-11e6-894a-80fead968203</ns8:OrganizationKey><ns8:Type>js</ns8:Type></ns8:ExportScript></ns8:ExportObjectConfiguration></ns8:ExportConfiguration>